channel_0,channel_1,channel_2,channel_3,channel_4,channel_5,channel_6,channel_7,time,tag
8371333,8388607,-3619639,-140549,8388607,-7446050,-3453358,2616732,1405125867.448969,0
8371344,8388607,-3619100,-139777,8388607,-7445972,-3452613,2617557,1405125867.455868,0
8371201,8388607,-3618773,-139292,8388607,-7445748,-3452054,2618234,1405125867.462461,0
8371301,8388607,-3619243,-140046,8388607,-7445806,-3452729,2617947,1405125867.471599,0
8371386,8388607,-3618973,-139671,8388607,-7445756,-3452928,2618290,1405125867.476916,0
8371413,8388607,-3618724,-139346,8388607,-7445632,-3452697,2618973,1405125867.482475,0
8371516,8388607,-3618822,-139547,8388607,-7445679,-3453376,2618757,1405125867.490518,0
8370981,8388607,-3618167,-138708,8388607,-7444982,-3452122,2620193,1405125867.496885,0
8371386,8388607,-3618784,-139564,8388607,-7445299,-3453407,2619660,1405125867.505267,0
8371076,8388607,-3617826,-138130,8388607,-7444818,-3452361,2620896,1405125867.51081,0
8371279,8388607,-3617631,-137818,8388607,-7444952,-3452389,2621091,1405125867.518007,0
8371343,8388607,-3617886,-138398,8388607,-7444902,-3453169,2621019,1405125867.532071,0
8371133,8388607,-3617305,-137583,8388607,-7444534,-3452197,2622304,1405125867.541155,0
8371549,8388607,-3617815,-138274,8388607,-7444916,-3453203,2621775,1405125867.545778,0
8371560,8388607,-3617091,-137166,8388607,-7444774,-3452688,2622685,1405125867.550949,0
8371527,8388607,-3617249,-137523,8388607,-7444604,-3452954,2623044,1405125867.556709,0
8371488,8388607,-3616727,-136737,8388607,-7444420,-3452703,2623793,1405125867.562239,0
8371333,8388607,-3616255,-135995,8388607,-7444184,-3452204,2624421,1405125867.566911,0
8371772,8388607,-3617117,-137397,8388607,-7444532,-3453603,2623907,1405125867.572846,0
8371378,8388607,-3616091,-135995,8388607,-7443969,-3452296,2625434,1405125867.579347,0
8371868,8388607,-3616277,-136307,8388607,-7444344,-3453374,2625153,1405125867.58542,0
8371752,8388607,-3615900,-135776,8388607,-7444151,-3453039,2625652,1405125867.594013,0
8371608,8388607,-3615652,-135341,8388607,-7443872,-3452632,2626384,1405125867.601027,0
8371953,8388607,-3615636,-135354,8388607,-7444094,-3453378,2626304,1405125867.607461,0
8371832,8388607,-3615018,-134425,8388607,-7443889,-3452476,2627209,1405125867.613657,0
8372024,8388607,-3615278,-134907,8388607,-7443959,-3453307,2627146,1405125867.622843,0
8371859,8388607,-3614718,-134152,8388607,-7443643,-3452514,2628218,1405125867.627804,0
8372076,8388607,-3614901,-134306,8388607,-7443751,-3453305,2628021,1405125867.634714,0
8372196,8388607,-3614981,-134466,8388607,-7443812,-3453579,2628066,1405125867.642778,0
8371968,8388607,-3614114,-133359,8388607,-7443417,-3452242,2629584,1405125867.648895,0
8372384,8388607,-3614366,-133794,8388607,-7443731,-3453435,2629188,1405125867.655457,0
8372116,8388607,-3613887,-133098,8388607,-7443378,-3452783,2629892,1405125867.661926,0
8372198,8388607,-3613817,-132979,8388607,-7443336,-3452912,2630218,1405125867.669671,0
8372281,8388607,-3613626,-132849,8388607,-7443286,-3453032,2630604,1405125867.675751,0
8372249,8388607,-3613171,-132168,8388607,-7443109,-3452625,2631392,1405125867.68323,0
8372423,8388607,-3613497,-132751,8388607,-7443239,-3453446,2631028,1405125867.690195,0
8371863,8388607,-3612710,-131575,8388607,-7442521,-3452424,2632244,1405125867.695609,0
8372440,8388607,-3613159,-132266,8388607,-7442996,-3453556,2631844,1405125867.704103,0
8372103,8388607,-3612232,-131044,8388607,-7442495,-3452447,2633164,1405125867.710183,0
8372045,8388607,-3612144,-130912,8388607,-7442371,-3452471,2633381,1405125867.71686,0
8372391,8388607,-3612575,-131666,8388607,-7442609,-3453430,2633106,1405125867.724036,0
8372258,8388607,-3611899,-130663,8388607,-7442328,-3452441,2634339,1405125867.731256,0
8372371,8388607,-3612186,-131034,8388607,-7442395,-3453254,2633986,1405125867.738633,0
8372308,8388607,-3611746,-130562,8388607,-7442174,-3452605,2635039,1405125867.744574,0
8372456,8388607,-3611597,-130254,8388607,-7442195,-3452844,2635343,1405125867.756176,7
8372396,8388607,-3611546,-130339,8388607,-7442012,-3452867,2635791,1405125867.763902,7
8372202,8388607,-3611124,-129702,8388607,-7441743,-3452302,2636437,1405125867.767527,7
8372704,8388607,-3611613,-130517,8388607,-7442157,-3453518,2635970,1405125867.772682,7
8372219,8388607,-3610427,-128827,8388607,-7441490,-3452157,2637463,1405125867.77801,7
8372473,8388607,-3610441,-128827,-1048576,2093178,-6291457,-902750,1405125867.785685,7
8372643,8388607,-3610825,-129449,8388607,-7441756,-3453162,2637431,1405125867.795799,7
8372574,8388607,-3610066,-128276,8388607,-7441530,-3452416,2638481,1405125867.800872,7
8372904,8388607,-3610407,-128911,8388607,-7441735,-3453087,2638461,1405125867.80631,7
8372541,8388607,-3609760,-128002,8388607,-7441287,-3452163,2639389,1405125867.815052,7
8372684,8388607,-3610064,-128500,8388607,-7441318,-3453009,2639272,1405125867.822462,7
8372558,8388607,-3609441,-127510,8388607,-7441049,-3452376,2640168,1405125867.833543,7
8372879,8388607,-3609378,-127396,8388607,-7441254,-3452876,2640210,1405125867.840661,7
8372904,8388607,-3609342,-127483,8388607,-7441216,-3453119,2640289,1405125867.846012,7
8372606,8388607,-3608487,-126264,8388607,-7440749,-3451829,2641653,1405125867.849628,7
8372919,8388607,-3609311,-127575,8388607,-7440981,-3453204,2641044,1405125867.858755,7
8372713,8388607,-3608830,-126872,8388607,-7440691,-3452554,2641724,1405125867.861992,7
8372947,8388607,-3608372,-126128,8388607,-7440797,-3452474,2642181,1405125867.867229,7
8373053,8388607,-3608246,-126117,8388607,-7440759,-3452543,2642657,1405125867.880149,7
8373109,8388607,-3607987,-125806,8388607,-7440682,-3452139,2643456,1405125867.884219,7
8373290,8388607,-3608433,-126434,8388607,-7440834,-3453079,2642958,1405125867.894216,7
8372998,8388607,-3607362,-124771,8388607,-7440376,-3451951,2644186,1405125867.897654,7
8373183,8388607,-3607694,-125262,8388607,-7440450,-3452844,2643966,1405125867.903989,7
8372723,8388607,-3606886,-124151,8388607,-7439830,-3451811,2645199,1405125867.908158,7
8372744,8388607,-3606818,-124062,8388607,-7439788,-3451783,2645451,1405125867.915848,7
8372997,8388607,-3607595,-125299,8388607,-7439957,-3452943,2645014,1405125867.92562,7
8372660,8388607,-3606509,-123774,8388607,-7439458,-3451805,2646371,1405125867.930235,7
8372894,8388607,-3606654,-124038,8388607,-7439642,-3452507,2646093,1405125867.941595,7
8372748,8388607,-3606421,-123899,8388607,-7439351,-3451996,2646874,1405125867.945906,7
8372825,8388607,-3606353,-123752,8388607,-7439318,-3452371,2646972,1405125867.95621,7
8372906,8388607,-3605931,-123167,8388607,-7439269,-3452306,2647472,1405125867.959617,7
8372671,8388607,-3605394,-122405,8388607,-7438948,-3451559,2648246,1405125867.96468,7
8373104,8388607,-3605744,-123101,8388607,-7439271,-3452610,2647966,1405125867.973278,7
8372955,8388607,-3604876,-121806,8388607,-7438969,-3451374,2649317,1405125867.978211,7
8372973,8388607,-3605112,-122093,8388607,-7438944,-3451836,2649138,1405125867.988999,7
8373238,8388607,-3605422,-122759,8388607,-7439095,-3452420,2649152,1405125867.995318,7
8372930,8388607,-3604415,-121318,8388607,-7438622,-3451546,2650288,1405125868.000108,7
8373299,8388607,-3604649,-121743,8388607,-7438887,-3452332,2650192,1405125868.010935,7
8373241,8388607,-3604055,-120906,8388607,-7438748,-3451487,2651064,1405125868.018373,7
8373497,8388607,-3604420,-121477,8388607,-7438903,-3452385,2650817,1405125868.024112,7
8373236,8388607,-3603952,-120948,8388607,-7438506,-3451769,2651688,1405125868.033584,7
8373168,8388607,-3603909,-120959,8388607,-7438321,-3452167,2651828,1405125868.045994,7
8373376,8388607,-3603921,-121030,8388607,-7438479,-3452519,2651776,1405125868.050069,7
8373029,8388607,-3603141,-119871,8388607,-7437979,-3451394,2653009,1405125868.057385,7
8373526,8388607,-3603833,-120952,8388607,-7438386,-3452681,2652458,1405125868.062033,7
8373442,8388607,-3603444,-120489,8388607,-7438224,-3452062,2653171,1405125868.065804,7
8373557,8388607,-3602873,-119726,8388607,-7438202,-3451792,2653762,1405125868.073579,7
8373640,8388607,-3602896,-119979,8388607,-7438171,-3452041,2654012,1405125868.077432,7
8373478,8388607,-3602421,-119137,8388607,-7437878,-3451676,2654667,1405125868.081229,7
8373614,8388607,-3602869,-119822,8388607,-7437974,-3452546,2654226,1405125868.089316,7
8373699,8388607,-3602105,-118892,8388607,-7437896,-3451325,2655589,1405125868.095281,7
8373767,8388607,-3602447,-119384,8388607,-7437866,-3452302,2655233,1405125868.107198,7
8373597,8388607,-3602499,-119558,8388607,-7437638,-2097152,4186692,1405125868.112686,7
8373558,8388607,-3601834,-118494,8388607,-7437454,-3451381,2656593,1405125868.122167,7
8373714,8388607,-3602032,-118846,8388607,-7437512,-3452381,2656286,1405125868.128597,7
8373471,8388607,-3601112,-117554,8388607,-7437108,-3451090,2657682,1405125868.137943,7
8373661,8388607,-3601336,-117897,8388607,-7437259,-3451885,2657273,1405125868.1466,7
8373476,8388607,-3601117,-117664,8388607,-7436951,-3451737,2657731,1405125868.154638,7
8373436,8388607,-3601272,-117960,8388607,-7436796,-3451941,2658027,1405125868.15848,7
8373399,8388607,-3600912,-117617,8388607,-7436624,-3451792,2658598,1405125868.164496,7
8373286,8388607,-3600330,-116773,8388607,-7436430,-3451044,2659391,1405125868.172153,7
8373756,8388607,-3600713,-117229,8388607,-7436804,-3452310,2658892,1405125868.175398,7
8373256,8388607,-3600086,-116282,8388607,-7436166,-3451281,2660115,1405125868.179092,7
8373916,8388607,-3600512,-116954,8388607,-7436734,-3452337,2659711,1405125868.187596,7
8373882,8388607,-3600259,-116763,8388607,-7436628,-3452032,2660168,1405125868.19405,7
8373709,8388607,-3599523,-115713,8388607,-7436312,-3451196,2661173,1405125868.199636,7
8373864,8388607,-3599877,-116239,8388607,-7436372,-3452257,2660798,1405125868.210389,7
8373741,8388607,-3599079,-115131,8388607,-7436102,-3451249,2661972,1405125868.215784,7
8374049,8388607,-3599289,-115474,8388607,-7436364,-3452054,2661603,1405125868.22375,7
8373498,8388607,-3598661,-114739,8388607,-7435656,-3451293,2662616,1405125868.228432,7
8373874,8388607,-3598832,-115021,8388607,-7435931,-3451669,2662715,1405125868.236554,7
8374013,8388607,-3598511,-114560,8388607,-7435931,-3451382,2663399,1405125868.242291,7
8373895,8388607,-3598198,-114126,8388607,-7435742,-3450797,2664063,1405125868.248786,7
8373950,8388607,-3598548,-114810,8388607,-7435701,-3451876,2663678,1405125868.257307,7
8373653,8388607,-3597477,-113212,8388607,-7435236,-3450483,2665105,1405125868.262942,7
8374109,8388607,-3598101,-114172,8388607,-7435608,-3451794,2664532,1405125868.27366,7
8373968,8388607,-3597825,-113845,8388607,-7435399,-3451362,2665024,1405125868.27825,7
8374048,8388607,-3597057,-112702,8388607,-7435335,-3450762,2665841,1405125868.286342,7
8373877,8388607,-3597239,-113181,8388607,-7435064,-3451311,2665889,1405125868.291353,7
8373709,8388607,-3596811,-112542,8388607,-7434752,-3450502,2666898,1405125868.297006,7
8374015,8388607,-3597321,-113217,8388607,-7435032,-3451493,2666349,1405125868.309651,7
8373831,8388607,-3596577,-112084,8388607,-7434707,-3450746,2667300,1405125868.314324,7
8373886,8388607,-3596741,-112386,8388607,-7434647,-3451267,2667405,1405125868.325769,7
8374096,-4194304,8373894,8388607,-3596344,-111768,8388607,-7434521,1405125868.329024,7
8373758,8388607,-3596185,-111499,8388607,-7434311,-3450332,2668669,1405125868.333031,7
8374351,8388607,-3596752,-112335,8388607,-7434820,-3451518,2668169,1405125868.342379,7
8373994,8388607,-3595791,-110986,8388607,-7434309,-3450186,2669582,1405125868.34589,7
8374124,8388607,-3595934,-111291,8388607,-7434386,-3450720,4128768,1405125868.354578,7
8373901,8388607,-3595475,-110619,8388607,-7434034,-3450696,2669793,1405125868.35952,7
8373958,8388607,-3595356,-110463,8388607,-7433979,-3450477,2670256,1405125868.370235,7
8374163,8388607,-3595452,-110652,8388607,-7434072,-3450856,2670383,1405125868.376222,7
8373959,8388607,-3594756,-109584,8388607,-7433784,-3449994,2671221,1405125868.382019,7
8374070,8388607,-3595317,-110635,8388607,-7433789,-3450910,2670909,1405125868.3903,7
8374060,8388607,-3594544,-109537,8388607,-7433642,-3449872,2672051,1405125868.394614,7
8374353,8388607,-3595009,-110138,8388607,-7433843,-3450841,2671728,1405125868.405376,7
8374354,8388607,-3594856,-109944,8388607,-7433778,-3450838,2671962,1405125868.411839,7
8373742,8388607,-3593674,-108208,8388607,-7433009,-3449619,2673309,1405125868.418684,7
8374387,8388607,-3594245,-109167,8388607,-7433571,-3450697,2672866,1405125868.425827,7
8374184,8388607,-3593605,-108103,8388607,-7433237,-3449615,2673961,1405125868.429125,7
8374345,8388607,-3593916,-108504,8388607,-7433368,-3450401,2673524,1405125868.438023,7
8374243,8388607,-3593870,-108607,8388607,-7433147,-3450226,2674026,1405125868.444469,7
8374241,8388607,-3593407,-107870,8388607,-7433021,-3450091,2674505,1405125868.453614,7
8374211,8388607,-3593431,-108019,8388607,-7432875,-3450210,2674862,1405125868.45924,7
8374031,8388607,-3593144,-107536,8388607,-7432626,-3449584,2675483,1405125868.464461,7
8374464,8388607,-3593596,-108103,8388607,-7432978,-3450899,2674812,1405125868.473298,7
8374303,8388607,-3592762,-107003,8388607,-7432669,-3449638,2676148,1405125868.47705,7
8374524,8388607,-3592986,-107331,8388607,-7432789,-3450592,2675865,1405125868.487191,7
8374523,8388607,-3592817,-107174,8388607,-7432721,-3450467,2676151,1405125868.493449,7
8373988,8388607,-3592439,-106635,8388607,-7432052,-3449564,2677192,1405125868.499682,7
8374446,8388607,-3592682,-106999,8388607,-7432424,-3450495,2676883,1405125868.510891,7
8374093,8388607,-3591660,-105610,8388607,-7431913,-3449208,2678285,1405125868.515653,7
8374348,8388607,-3592189,-106426,8388607,-7432132,-3450042,2677849,1405125868.525694,7
8374189,8388607,-3591932,-105927,8388607,-7431859,-3449732,2678408,1405125868.528679,7
8374208,8388607,-3591857,-105774,8388607,-7431767,-3450066,2678506,1405125868.537492,7
8374419,8388607,-3591193,-104960,8388607,-7431856,-3449658,2679171,1405125868.541943,7
8374179,8388607,-3590722,-104294,8388607,-7431532,-3448972,2679881,1405125868.547169,7
8374589,8388607,-3591506,-105541,8388607,-7431867,-3450212,2679341,1405125868.558421,7
8374411,8388607,-3590733,-104381,8388607,-7431562,-3449103,2680451,1405125868.564683,7
8374475,8388607,-3591257,-105146,8388607,-7431546,-3450290,2679914,1405125868.575963,7
8374538,8388607,-3590881,-104667,8388607,-7431533,-3449904,2680423,1405125868.580542,7
8374445,8388607,-3590240,-103627,8388607,-7431305,-3449249,2681274,1405125868.5926,7
8374733,8388607,-3590787,-104398,8388607,-7431506,-3450159,2680973,1405125868.598584,7
8374434,8388607,-3590080,-103373,8388607,-7431059,-3449153,2682113,1405125868.606307,7
8374664,8388607,-3590549,-104127,8388607,-7431253,-3449968,2681688,1405125868.609724,7
8374533,8388607,-3589791,-103121,8388607,-7430989,-3449144,2682694,1405125868.612989,7
8374483,8388607,-3589769,-103044,8388607,-7430831,-3449642,2682692,1405125868.620454,7
8374607,8388607,-3589491,-102656,8388607,-7430845,-3449382,2683209,1405125868.626573,7
8374605,8388607,-3589221,-102267,8388607,-7430779,-3448939,2683689,1405125868.633,7
8374731,8388607,-3589861,-103401,8388607,-7430813,-3449991,2683302,1405125868.643214,7
8374652,8388607,-3588897,-101899,8388607,-7430584,-3448731,2684568,1405125868.649037,7
8374867,8388607,-524288,1046865,-5242881,-448683,-2109981,1048575,1405125868.661558,7
8374871,8388607,-3589161,-102236,8388607,-7430672,-3449641,2684468,1405125868.664956,7
8374718,8388607,-3588891,-101864,8388607,-7430386,-3449128,2685242,1405125868.673198,7
8374700,8388607,-3588783,-101697,8388607,-7430261,-3449602,2685367,1405125868.676303,7
8374636,8388607,-3588220,-100873,8388607,-7430112,-3448730,2686238,1405125868.681558,7
8375057,8388607,-3589031,-102034,8388607,-7430456,-3449886,2685749,1405125868.690037,7
8374928,8388607,-3588188,-100774,8388607,-7430185,-3448936,2686803,1405125868.694016,7
8374956,8388607,-3588602,-101465,8388607,-7430117,-3449602,2686708,1405125868.704416,7
8375087,8388607,-3588569,-101459,8388607,-7430191,-3449751,2686824,1405125868.709847,7
8374648,8388607,-3587554,-99851,8388607,-7429604,-3448612,2688021,1405125868.716129,7
8374919,8388607,-3588332,-100945,8388607,-7429811,-3449914,2687379,1405125868.726773,7
8374779,8388607,-3587586,-99973,8388607,-7429521,-3448599,2688764,1405125868.731896,7
8375134,8388607,-3587759,-100275,8388607,-7429829,-3449159,2688572,1405125868.743928,7
8374901,8388607,-3587276,-99579,8388607,-7429479,-3449051,2689000,1405125868.747826,7
8374854,8388607,-3587207,-99372,8388607,-7429313,-3449032,2689378,1405125868.755705,7
8375010,8388607,-3587216,-99404,8388607,-7429377,-3449297,2689559,1405125868.759051,7
8374769,8388607,-3586684,-98644,8388607,-7429055,-3448444,2690363,1405125868.763536,7
8375036,8388607,-3587379,-99734,8388607,-7429236,-3449536,2689949,1405125868.77185,7
8374709,8388607,-3586672,-98666,8388607,-7428773,-3448470,2691069,1405125868.77677,7
8374714,8388607,-3586862,-98804,8388607,-7428737,-3448719,2691004,1405125868.786716,7
8375082,8388607,-3587234,-99287,8388607,-7429023,-3449632,2690684,1405125868.792289,7
8374847,8388607,-3586128,-97739,8388607,-7428636,-3448452,2691888,1405125868.797637,7
8374996,8388607,-3586558,-98527,8388607,-7428703,-3449511,2691467,1405125868.80794,7
8374644,8388607,-3586006,-97778,8388607,-7428272,-3448632,2692298,1405125868.81228,7
8375059,8388607,-3586404,-98282,8388607,-7428589,-3449027,2692291,1405125868.819685,7
8374736,8388607,-3585922,-97614,8388607,-7428143,-3448599,2692958,1405125868.825837,7
8375088,8388607,-3585741,-97334,8388607,-7428378,-3448579,2693331,1405125868.836752,7
8375409,8388607,-3585959,-97645,8388607,-7428659,-3449182,2693075,1405125868.841578,7
8375057,8388607,-3585456,-96876,8388607,-7428176,-3447994,2694216,1405125868.845893,7
8375360,8388607,-3585887,-97522,8388607,-7428401,-3449199,2693673,1405125868.855503,7
8375431,8388607,-3585436,-96834,8388607,-7428402,-3448711,2694203,1405125868.861069,7
8375234,8388607,-3585140,-96479,8388607,-7428068,-3448016,2695127,1405125868.871014,7
8375284,8388607,-3585359,-96933,8388607,-7428020,-3448669,2695016,1405125868.878001,7
8375129,8388607,-3584765,-95901,8388607,-7427745,-3447987,2695835,1405125868.887227,7
8375423,8388607,-3585136,-96429,8388607,-7428005,-3448861,2695353,1405125868.892515,7
8375139,8388607,-3584572,-95816,8388607,-7427586,-3447810,2696493,1405125868.895765,7
8375231,8388607,-3584832,-96197,8388607,-7427584,-3448484,2696324,1405125868.902687,7
8375291,8388607,-3584866,-96257,8388607,-7427592,-3448674,2696359,1405125868.907018,7
8375074,8388607,-3583966,-94744,8388607,-7427242,-3447604,2697461,1405125868.918704,7
8375661,8388607,-3584651,-95957,8388607,-7427755,-3448735,2696985,1405125868.92521,7
8375150,8388607,-3583635,-94524,8388607,-7427091,-3447234,2698456,1405125868.928893,7
8375308,8388607,-3583937,-94939,8388607,-7427210,-3447847,2698161,1405125868.938812,7
8375359,8388607,-3583716,-94584,8388607,-7427152,-3447979,2698406,1405125868.94347,7
8375363,8388607,-3583510,-94344,8388607,-7427046,-3447726,2698956,1405125868.94848,7
8375286,8388607,-3583268,-94082,8388607,-7426847,-3447945,2699196,1405125868.957051,7
8375041,8388607,-3582691,-93245,8388607,-7426532,-3447049,2700021,1405125868.965172,7
8375590,8388607,-3583394,-94240,8388607,-7427014,-3448299,2699453,1405125868.980775,7
8375333,8388607,-3582957,-93592,8388607,-7426631,-3447295,2700544,1405125868.994825,7
8375228,8388607,-3582925,-93512,8388607,-7426476,-3447361,2700666,1405125869.010511,7
8375603,8388607,-3582971,-93595,8388607,-7426761,-3448206,2700381,1405125869.031729,7
8375208,8388607,-3582300,-92661,8388607,-7426226,-3447097,2701579,1405125869.04084,7
8375536,8388607,-3583044,-93886,8388607,-7426486,-3448315,2701014,1405125869.043976,7
8375340,8388607,-3582433,-92998,8388607,-7426211,-3447432,2701861,1405125869.047095,7
8375121,8388607,-3582311,-92783,8388607,-7425890,-3447744,2701979,1405125869.054291,7
8374842,8388607,-3582082,-92646,8388607,-7425484,-3447388,2702675,1405125869.05763,7
8374754,8388607,-3581676,-81920,32714,-5668865,-13993,-3146090,1405125869.060675,7
8375226,8388607,-3582357,-92923,8388607,-7425732,-3448194,2702561,1405125869.064059,7
8374956,8388607,-3581371,-91442,8388607,-7425326,-3446962,2703776,1405125869.0717,7
8375216,8388607,-3581854,-92209,8388607,-7425501,-3448018,2703293,1405125869.074899,7
8375136,8388607,-3581466,-91634,8388607,-7425356,-3447602,2703776,1405125869.07793,7
8374981,8388607,-3581170,-91261,8388607,-7425076,-3447038,2704564,1405125869.081223,7
8375091,8388607,-3581336,-91353,8388607,-7425102,-3447769,2704323,1405125869.088287,7
8374977,8388607,-3580722,-90432,127,-3475841,-55,6060286,1405125869.091499,7
8375302,8388607,-3581202,-91271,8388607,-7425144,-3447586,2704987,1405125869.094938,7
8375235,8388607,-3580461,-90170,8388607,-7424948,-3446719,2705983,1405125869.098131,7
8375312,8388607,-3580424,-90150,8388607,-7424967,-3446506,2706300,1405125869.10485,7
8375505,8388607,-3581008,-90994,8388607,-7425094,-3447761,2705653,1405125869.107932,7
8375178,8388607,-3579992,-89469,8388607,-7424626,-3446451,2706921,1405125869.115108,7
8375437,8388607,-3580646,-90583,8388607,-7424799,-3447539,2706506,1405125869.123088,7
8375191,8388607,-3580142,-89830,8388607,-7424489,-3446816,2707213,1405125869.128736,7
8375397,8388607,-3580025,-89447,8388607,-7424593,-3446952,2707397,1405125869.139214,7
8375401,8388607,-3580188,-89785,8388607,-7424495,-3447127,2707646,1405125869.142422,7
8375291,8388607,-3579586,-88806,8388607,-7424255,-3446682,2708353,1405125869.14981,7
8375327,8388607,-3579881,-89282,8388607,-7424259,-3447475,2707990,1405125869.157686,7
8375019,8388607,-3579205,-88302,8388607,-7423815,-3446209,2709234,1405125869.162137,7
8375291,8388607,-3579661,-88845,8388607,-7424019,-3447349,2708651,1405125869.173012,7
8375373,8388607,-3579511,-88635,8388607,-7424042,-3447171,2708964,1405125869.178128,7
8375213,8388607,-3578983,-87939,8388607,-7423742,-3446171,2710072,1405125869.187671,7
8375670,8388607,-3579259,-88247,8388607,-7424131,-3447181,2709642,1405125869.192648,7
8375460,8388607,-3578617,-87199,8388607,-7423794,-3446151,2710708,1405125869.197228,7
8375666,8388607,-3579066,-87816,8388607,-7423966,-3446990,2710263,1405125869.204842,7
8375408,8388607,-3578680,-87284,8388607,-7423582,-3446440,2711017,1405125869.210646,7
8375580,8388607,-3578823,-87566,8388607,-7423654,-3446585,2711297,1405125869.220538,7
8375483,8388607,-3579060,-87927,8388544,127,-3434113,-55,1405125869.224579,7
8374883,8388607,-3578321,-86729,8388607,-7422794,-3445850,2712257,1405125869.230516,7
8375347,8388607,-3578889,-87641,8388607,-7423187,-3447092,2711693,1405125869.237932,7
8375233,8388607,-3578483,-87084,8388607,-7423005,-3446514,2712259,1405125869.24721,7
8375225,8388607,-3578007,-86431,8388607,-7422869,-3446016,2712966,1405125869.256977,7
8375208,8388607,-3578151,-86562,8388607,-7422769,-3446552,2712956,1405125869.261645,7
8375141,8388607,-3577564,-85553,8388607,-7422582,-3445957,2713696,1405125869.271963,7
8375405,8388607,-3577973,-86209,8388607,-7422822,-3446807,2713224,1405125869.276899,7
8375075,8388607,-3577120,-85023,8388607,-7422341,-3445640,2714427,1405125869.280141,7
8375249,8388607,-3577646,-85854,8388607,-7422438,-3446519,2714093,1405125869.287876,7
8375153,8388607,-3577358,-85451,8388607,-7422229,-3445861,2714871,1405125869.291625,7
8375117,8388607,-3577168,-85123,8388607,-7422139,-3445619,2715236,1405125869.301692,7
8375415,8388607,-3577617,-85816,8388607,-7422367,-3446796,2714689,1405125869.308621,7
8375200,8388607,-3576579,-84292,8388607,-7421996,-3445291,2716116,1405125869.312685,7
8375561,8388607,-3577014,-85001,8388607,-7422325,-3445977,2715773,1405125869.32093,7
8375661,8388607,-3576744,-84451,8388607,-7422323,-3445873,2716112,1405125869.327876,7
8375573,8388607,-3576684,-84413,8388607,-7422127,-3445724,2716515,1405125869.338208,7
8375623,8388607,-3576507,-84271,8388607,-7422069,-3445774,2716889,1405125869.342832,7
8375459,8388607,-3576061,-83679,8388607,-7421831,-3444944,2717689,1405125869.352442,7
8375715,8388607,-3576726,-84593,8388607,-7422020,-3446208,2717073,1405125869.356892,7
8375401,8388607,-3576025,-83483,8388607,-7421587,-3445070,2718232,1405125869.361451,7
8375394,8388607,-3576032,-83476,8388607,-7421952,32718,32767,1405125869.371137,7
8375844,8388607,-3576010,-83457,8388607,-7421885,-3445871,2718154,1405125869.379066,7
8375630,8388607,-3575383,-82568,8388607,-7421535,-3444825,2719241,1405125869.387493,7
8375898,8388607,-3575931,-83385,8388607,-7421731,-3445977,2718718,1405125869.390913,7
8375801,8388607,-3575447,-82680,8388607,-7421562,-3445110,2719568,1405125869.394859,7
8375718,8388607,-3575332,-82476,8388607,-7421383,-3445531,2719568,1405125869.404659,7
8375568,8388607,-3574768,-81762,8388607,-7421100,-3444910,2720446,1405125869.409858,7
8375473,8388607,-3574427,-81226,8388607,-7420941,-3444387,2721014,1405125869.418007,7
8375619,8388607,-3575108,-82271,8388607,-7421024,-3445719,2720331,1405125869.423395,7
8375341,8388607,-3574318,-81160,8388607,-7420605,-3444290,2721686,1405125869.43102,7
8375628,8388607,-3574800,-82004,8388607,-7420818,-3445432,2721194,1405125869.439462,7
8375453,8388607,-3574324,-81291,8388607,-7420578,-3444936,2721703,1405125869.443609,7
8375399,8388607,-3574057,-80857,8388607,-7420406,-3444396,2722416,1405125869.452978,7
8375638,8388607,-3574453,-81462,8388607,-7420560,-3445057,2722246,1405125869.460906,7
32716,-688129,-13960,5177030,6455295,-28986,4770673,-382579,1405125869.464045,7
8375830,8388607,-3574063,-80907,8388607,-7420595,-3444965,2722850,1405125869.473224,7
8375742,8388607,-3573474,-80067,8388607,-7420381,-3443904,2723933,1405125869.477002,7
8375999,8388607,-3573980,-80732,8388607,-7420568,-3444746,2723517,1405125869.485301,7
8376083,8388607,-3574137,-81036,8388607,-7420601,-3444918,2723542,1405125869.491926,7
8375971,8388607,-3573220,-79663,8388607,-7420361,-3443632,2724801,1405125869.497458,7
8376166,8388607,-3573655,-80389,8388607,-7420478,-3444749,2724305,1405125869.507099,7
8375996,8388607,-3573283,-79876,8388607,-7420238,-3443968,2725062,1405125869.513397,7
8375983,8388607,-3573373,-79882,8388607,-7420141,-3444267,2725121,1405125869.525027,7
8376254,8388607,-3573158,-79530,8388607,-7420307,-3444258,2725473,1405125869.530184,7
8375996,8388607,-3573022,-79432,8388607,-7419943,-3443964,2725996,1405125869.540465,7
8376059,8388607,-3573331,-79903,8388607,-7419978,-3444676,2725627,1405125869.543506,7
8375881,8388607,-3572272,-78330,8388607,-7419661,-3443369,2726930,1405125869.546601,7
8376283,8388607,-3573097,-79484,8388607,-7420002,-3444587,2726305,1405125869.554121,7
-4194304,8375883,8388607,-3572401,-78437,8388607,-7419479,-3443410,1405125869.559615,7
8375897,8388607,-3572368,-78452,8388607,-7419441,-3443404,2727616,1405125869.569928,7
8376104,8388607,-3572514,-78620,8388607,-7419563,-3444232,2727315,1405125869.574666,7
8375702,8388607,-3572111,-77982,8388607,-7419054,-3443352,2728266,1405125869.584416,7
8375927,8388607,-3572711,-78889,8388607,-7419250,-3444241,2727753,1405125869.591906,7
8375699,8388607,-3571942,-77737,8388607,-7418895,-3443494,2728646,1405125869.596523,7
8375734,8388607,-3572107,-78040,8388607,-7418835,-3443782,2728751,1405125869.604227,7
8375667,8388607,-3571784,-77565,8388607,-7418661,-3443433,2729304,1405125869.607841,7
8375511,8388607,-3571561,-77216,8388607,-7418444,-3442949,2729803,1405125869.618147,7
8375831,8388607,-3572043,-77851,8388607,-7418697,-3444227,2729175,1405125869.622877,7
8375716,8388607,-3571263,-76860,8388607,-7418446,-3442707,2730660,1405125869.627918,7
8375815,8388607,-3571464,-77173,8388607,-7418506,-3424256,32718,1405125869.638381,7
8375625,8388607,-3571311,-76872,8388607,-7418222,-3443494,2730530,1405125869.644072,7
8375474,8388607,-3571022,-76334,8388607,-7417971,-3443052,2731147,1405125869.652738,7
8375837,8388607,-3571349,-76926,8388607,-7418244,-3443601,2731082,1405125869.656746,7
8375621,8388607,-3570734,-76110,8388607,-7417942,-3442534,2732083,1405125869.665691,7
8376023,8388607,-3570986,-76467,8388607,-7418266,-3443461,2731731,1405125869.673598,7
8375606,8388607,-3570667,-76055,8388607,-7417742,-3442651,2732622,1405125869.678074,7
-4194304,8375935,8388607,-3570806,-76208,8388607,-7417994,-3443379,1405125869.688965,7
8375969,8388607,-3570787,-76218,8388607,-7417981,-3443610,2732409,1405125869.69396,7
8375673,8388607,-3570009,-75224,8388607,-7417541,-3442153,2733852,1405125869.703916,7
8376071,8388607,-3570453,-75862,8388607,-7417867,-3443294,2733246,1405125869.708296,7
8375875,8388607,-3569912,-75011,8388607,-7417607,-3442635,2733844,1405125869.71169,7
8375779,8388607,-3569891,-74883,8388607,-7417411,-3442669,2734090,1405125869.718878,7
8375750,8388607,-3569678,-74657,8388607,-7417274,-3442558,2734469,1405125869.726213,7
8375674,8388607,-3569552,-74548,8388607,-7417095,-3442199,2734942,1405125869.738165,7
8376016,8388607,-3570019,-75291,8388607,-7417412,-3442969,2734514,1405125869.743352,7
8375717,8388607,-3568989,-73705,8388607,-7416982,-3441722,2735723,1405125869.746816,7
8375988,8388607,-3569643,-74724,8388607,-7417184,-3442768,2735236,1405125869.754962,7
8376149,8388607,-3569470,-74578,8388607,-7417279,-3409920,4089,1405125869.758831,7
8375794,8388607,-3568636,-73191,8388607,-7416798,-3441461,2736686,1405125869.768046,7
8376079,8388607,-3569383,-74207,8388607,-7417027,-3442521,2736140,1405125869.774969,7
8375521,8388607,-3568495,-72772,8388607,-7416349,-3441359,2737221,1405125869.779961,7
8375745,8388607,-3568909,-73441,8388607,-7416541,-3442177,2736756,1405125869.788434,7
8375754,8388607,-3568416,-72948,8388607,-7416419,-3441363,2737711,1405125869.794941,7
8375827,8388607,-3568491,-72964,8388607,-7416411,-3441687,2737747,1405125869.806086,7
8375934,8388607,-3568912,-73644,8388607,-7416489,-1048576,2093949,1405125869.810822,7
8375681,8388607,-3568116,-72453,8388607,-7416101,-3440914,2738786,1405125869.82172,7
8375966,8388607,-3568570,-73079,8388607,-7416310,-3442048,2738249,1405125869.827131,7
8375728,8388607,-3567616,-71627,8388607,-7415939,-3440607,2739633,1405125869.837254,7
8375793,8388607,-3567959,-72126,8388607,-7415977,-3441021,2739438,1405125869.842342,7
8376028,8388607,-3568173,-72395,8388607,-7416131,-3441566,2739265,1405125869.848926,7
8375903,8388607,-3567626,-71489,8388607,-7415888,-3440826,2740089,1405125869.858177,7
8376021,8388607,-3567909,-72069,8388607,-7415919,-3441354,2740051,1405125869.869809,7
8375858,8388607,-3567309,-71159,8388607,-7415681,-3440362,2740903,1405125869.874936,7
8376004,8388607,-3567871,-71797,8388607,-7415761,-3441314,2740412,1405125869.877928,7
8375767,8388607,-3567179,-70686,8388607,-7415403,-3440416,2741288,1405125869.884728,7
8375943,8388607,-3566859,-70146,8388607,-7415520,-3440149,2741626,1405125869.889306,7
8376288,8388607,-3567261,-70808,8388607,-7415786,-3441101,2741256,1405125869.892304,7
8375861,8388607,-3566447,-69598,8388607,-7415226,-3439766,2742504,1405125869.900213,7
8376268,8388607,-3567166,-70607,8388607,-7415576,-3441058,2741809,1405125869.904524,7
8376246,8388607,-3566709,-69978,8388607,-7415495,-3440349,2742461,1405125869.910682,7
8376097,8388607,-3566776,-70161,8388607,-7415239,-3440152,2742935,1405125869.9203,7
8376237,8388607,-3566681,-70052,8388607,-7415297,-3440189,2743189,1405125869.925756,7
8372224,32718,8028159,-13932,-7864593,-2129921,-28965,-6829181,1405125869.933763,7
8376207,8388607,-3566861,-70294,8388607,-7415141,-3440639,2743226,1405125869.939292,7
8376002,8388607,-3565959,-68875,8388607,-7414805,-3439324,2744441,1405125869.946882,7
8376279,8388607,-3566459,-69516,8388607,-7415016,-3440299,2743933,1405125869.957174,7
8376345,8388607,-3566472,-69532,8388607,-7415035,-3440202,2744138,1405125869.961594,7
8375971,8388607,-3565939,-68579,8388607,-7414557,-3439444,2744927,1405125869.975121,7
8376540,8388607,-3566372,-69202,8388607,-7415071,-3440472,2744406,1405125869.978262,7
8376247,-4194304,8376266,8388607,-3565432,-67812,8388607,-7414652,1405125869.985639,7
8376423,8388607,-3565739,-68263,8388607,-7414782,-3439879,2745375,1405125869.989143,7
8376186,8388607,-3565428,-67869,8388607,-7414431,-3439322,2746052,1405125869.99286,7
8376219,8388607,-3565720,-68184,8388607,-7414395,-3439711,2745923,1405125870.003168,7
8376194,8388607,-3565867,-68367,8388607,-7414338,-3440219,2745646,1405125870.00853,7
8375876,8388607,-3565041,-67287,8388607,-7413883,-3438732,2747081,1405125870.01549,7
8376323,8388607,-3565567,-68034,8388607,-7414271,-3440014,2746408,1405125870.02403,7
8375890,8388607,-3564774,-66882,8388607,-7413716,-3438754,2747578,1405125870.029484,7
8376061,8388607,-3564856,-66948,8388607,-7413847,-3439126,2747432,1405125870.043897,7
8376035,8388607,-3565036,-67202,8388607,-7413735,-3439536,2747421,1405125870.054612,7
8375954,8388607,-3564531,-66486,8388607,-7413530,-3438621,2748432,1405125870.060032,7
8376303,8388607,-3565104,-67376,8388607,-7413855,-3439481,2747930,1405125870.068916,7
8376124,8388607,-3564286,-66037,8388607,-7413555,-3438532,2748771,1405125870.07187,7
8376424,8388607,-3564794,-66769,8388607,-7413791,-3439377,2748405,1405125870.074834,7
8376253,8388607,-3564289,-66155,8388607,-7413501,-3438421,2749416,1405125870.079822,7
8376168,8388607,-3564054,-65739,8388607,-7413360,-3438084,2749748,1405125870.084173,7
8376527,8388607,-3564463,-66163,8388607,-7413657,-3439273,2749080,1405125870.090944,7
8376160,8388607,-3563786,-64995,8388607,-7413176,-3438048,2750234,1405125870.099212,7
8376773,8388607,-3564362,-65879,8388607,-7413726,-3439245,2749640,1405125870.104429,7
8376363,8388607,-3563827,-65167,8388607,-7413241,-3438494,2750376,1405125870.111411,7
8376118,8388607,-3563716,-64923,8388607,-7412901,-3438389,2750732,1405125870.119954,7
8376324,8388607,-3563877,-65121,8388607,-7413034,-3438714,2750671,1405125870.124634,7
8376091,8388607,-3563411,-64408,8388607,-7412734,-3437896,2751398,1405125870.133534,7
8376370,8388607,-3564129,-65557,8388607,-7412949,-3438944,2750913,1405125870.138872,7
8375978,8388607,-3563086,-64048,8388607,-7412420,-3437532,2752251,1405125870.144275,7
8376428,8388607,-3563787,-65122,8388607,-7412806,-3438551,2751749,1405125870.154898,7
8376507,8388607,-3563770,-65077,8388607,-7412839,-3438529,2751879,1405125870.16072,7
8376221,8388607,-3563127,-64074,8388607,-7412434,-3437511,2752886,1405125870.168386,7
8376288,8388607,-3563312,-64441,8388607,-7412429,-3438348,2752536,1405125870.172573,7
8376128,8388607,-3562570,-63306,8388607,-7412192,-3437366,2753504,1405125870.185304,7
8376155,8388607,-3562836,-63607,8388607,-7412146,-3437848,2753245,1405125870.190095,7
8376259,8388607,-3562724,-63407,8388607,-7412150,-3437551,2753709,1405125870.19365,7
8376551,8388607,-3562896,-63697,8388607,-7412355,-3437648,2753884,1405125870.231875,0
8376612,8388607,-3563029,-63947,8388607,-7412372,-3438080,2753744,1405125870.26035,0
8375922,8388607,-3561878,-62129,8388607,-7411551,-3436631,2755069,1405125870.265215,0
8376250,8388607,-3562749,-63428,8388607,-7411832,-3438039,2754251,1405125870.269538,0
8375929,8388607,-3562124,-62497,8388607,-7411392,-3436736,2755462,1405125870.272961,0
8376247,8388607,-3562214,-62601,8388607,-7411679,-3436981,2755369,1405125870.277193,0
8376849,8388607,-3562137,-62552,8388607,-7412181,-3437427,2755359,1405125870.284455,0
8376524,8388607,-3561812,-62057,8388607,-7411746,-3436597,2756301,1405125870.291166,0
8376730,8388607,-3562344,-62813,8388607,-7411931,-3437543,2755726,1405125870.31666,0
8376411,8388607,-3561661,-61722,8388607,-7411492,-3436571,2756708,1405125870.323044,0
8376652,8388607,-3561691,-61650,8388607,-7411651,-3437195,2756534,1405125870.326852,0
8376361,8388607,-3561094,-60829,8388607,-7411237,-3436356,2757495,1405125870.332663,0
8376157,8388607,-3560909,-60484,8388607,-7410981,-3436000,2757877,1405125870.335951,0
8376534,8388607,-3561933,-61987,8388607,-7411316,-3437344,2757085,1405125870.339336,0
8375964,8388607,-3560996,-60676,8388607,-7410611,-3435945,2758416,1405125870.342565,0
8376055,8388604,7,-197705,-4,-6648289,-978057,-8,1405125870.345127,0
8376234,8388607,-3560728,-60321,8388607,-7410747,-3436308,2758480,1405125870.351494,0
8376440,8388607,-3560667,-60067,8388607,-7410866,-3436177,2758759,1405125870.354435,0
8376621,8388607,-3561129,-60751,8388607,-7411029,-3436926,2758316,1405125870.35737,0
8376188,8388607,-3560426,-59758,8388607,-7410464,-3435542,2759646,1405125870.360747,0
8376574,8388607,-3560624,-60058,8388607,-7410769,-3436494,2759147,1405125870.366142,0
8376347,8388607,-3560416,-59812,8388607,-7410491,-3436181,2759505,1405125870.370163,0
8376023,8388607,-3560243,-59536,8388607,-7410064,-3435405,2760274,1405125870.373118,0
8376397,8388607,-3560605,-60014,8388607,-7410378,-3436316,2759816,1405125870.375965,0
8376078,8388607,-3559582,-58474,8388607,-7409932,-3435076,2761011,1405125870.379661,0
8376331,8388607,-3560035,-59151,8388607,-7410156,-3435867,2760511,1405125870.385615,0
8376104,8388607,-3559741,-58926,8388607,-7409816,-3435075,2761383,1405125870.388451,0
8376164,8388607,-3560007,-59244,8388607,-7409806,-3435545,2761216,1405125870.391721,0
8376334,8388607,-3559532,-58571,8388607,-7409877,-3435284,2761688,1405125870.40011,0
8376215,8388607,-3558983,-57712,8388607,-7409688,-3434646,2762306,1405125870.405187,0
8376649,8388607,-3559554,-58619,8388607,-7410064,-3435831,2761686,1405125870.408779,0
8376118,8388607,-3558736,-57338,8388607,-7409403,-3434470,2762898,1405125870.415094,0
8376364,8388607,-3558966,-57645,8388607,-7409615,-3434896,2762704,1405125870.421215,0
8376236,8388607,-3558996,-57761,8388607,-7409414,-3435197,2762834,1405125870.426399,0
8376011,8388607,-3558417,-56978,8388607,-7409071,-3434442,2763722,1405125870.434937,0
8376536,8388607,-3558661,-57384,8388607,-7409520,-3435071,2763489,1405125870.439038,0
8376218,8388607,-3558235,-56674,8388607,-7409141,-3434246,2764177,1405125870.448755,0
8376505,8388607,-3558902,-57741,8388607,-7409367,-3435105,2763793,1405125870.456968,0
8376414,8388607,-3558091,-56687,8388607,-7409147,-3433994,2764881,1405125870.47037,0
8376439,8388607,-262144,523543,-4718593,-222398,-4197869,-2621441,1405125870.478998,0
8376861,8388607,-3558470,-57191,8388607,-7409480,-3434844,2764523,1405125870.487896,0
8376456,8388607,-3557828,-56087,8388607,-7408971,-3433726,2765570,1405125870.491386,0
8376887,8388607,-3558198,-56611,8388607,-7409338,-3434850,2765036,1405125870.494744,0
8376605,8388607,-3557466,-55535,8388607,-7408976,-3433950,2765836,1405125870.501012,0
8376592,8388607,-3557341,-55288,8388607,-7408863,-3433811,2766159,1405125870.505159,0
8376581,8388607,-3557505,-55527,8388607,-7408778,-3433944,2766233,1405125870.50854,0
8376678,8388607,-3557459,-55425,8388607,-7408782,-3433609,2766690,1405125870.516417,0
8376830,8388607,-3557794,-55935,8388607,-7408907,-3434341,2766266,1405125870.521861,0
8376366,8388607,-3556542,-54159,8388607,-7408308,-3432907,2767636,1405125870.529406,0
8376579,8388607,-3557109,-54976,8388607,-7408459,-3433942,2767141,1405125870.537623,0
8376599,8388607,-3557044,-54881,8388607,-7408432,-3433815,2767318,1405125870.544027,0
8376399,8388607,-3556579,-54314,8388607,-7408127,-3432799,2768329,1405125870.553658,0
8376683,8388607,-3556754,-54641,8388607,-7408331,-3433554,2768051,1405125870.558534,0
8376213,8388607,-3556221,-53841,8388607,-7407747,-3432419,2769107,1405125870.566402,0
8376629,8388607,-3556704,-54528,8388607,-7408138,-3433308,2768577,1405125870.572087,0
8376673,8388607,-3556406,-54028,8388607,-7408089,-3432822,2769130,1405125870.578875,0
8376684,8388607,-3556326,-53859,8388607,-7408013,-3432992,2769206,1405125870.587643,0
8376409,8388607,-3555835,-53151,8388607,-7407635,-3432627,2769783,1405125870.592337,0
8376222,8388607,-3555439,-52569,8388607,-7407380,-3431935,2770422,1405125870.59896,0
8376603,8388607,-3556341,-53861,8388607,-7407713,-3433279,2769590,1405125870.605992,0
8376213,8388607,-3555360,-52301,8388607,-7407204,-3431924,2770799,1405125870.61576,0
8376379,8388607,-3555535,-52594,8388607,-7407335,-3432267,2770647,1405125870.620098,0
8376249,8388607,-3555851,-53207,8388607,-7407123,-3432556,2770720,1405125870.627133,0
8376240,8388607,-3555294,-52271,8388607,-7407009,-3431832,2771496,1405125870.636692,0
8376558,8388607,-3555526,-52577,8388607,-7407264,-3432621,2771115,1405125870.644009,0
